User,H1,H2,H3,H4
U01,0.7240177265030028,0.6970900473927496,0.7257064593435522,0.7384035899244227
U02,0.5476053216720157,0.5603320803722367,0.5391140229118132,0.515981511836431
U03,0.6440765876112231,0.635973873137053,0.6418679698846338,0.6654598163219225
U04,0.6661303140193177,0.6666375963337637,0.6684555824197015,0.6614546821223003
U05,0.51481168661659,0.54249807357092,0.494994387270413,0.491326465231421
U06,0.7240177265030028,0.6970900473927496,0.7257064593435522,0.7384035899244227
U07,0.4820613195131914,0.5147265745022741,0.46416877368389436,0.44077199455985155
U08,0.7069015908816514,0.6910481862145252,0.7107081032275716,0.7265452349789795
U09,0.6305327999619598,0.6358516803027493,0.6246684743244495,0.641911932303099
U10,0.617697744824454,0.6233469731552352,0.61243162041311,0.6021508194425537
U11,0.7018007058116802,0.6773277980976182,0.7076149191846277,0.7290283921420373
U12,0.5418657197419507,0.5652173420727072,0.5172669547251912,0.5033228005896894
U13,0.6790334384024153,0.6667548728268866,0.6846614603464802,0.6843493786802396
U14,0.6305327999619598,0.6358516803027493,0.6246684743244495,0.641911932303099
U15,0.6852549469135545,0.6699032230796584,0.6779312509097778,0.6834787078172234
U16,0.5347342925744905,0.5617237630674488,0.5250021669911349,0.5043296439805761
U17,0.7240177265030028,0.6970900473927496,0.7257064593435522,0.7384035899244227
U18,0.51481168661659,0.54249807357092,0.494994387270413,0.491326465231421
U19,0.7069015908816514,0.6910481862145252,0.7107081032275716,0.7265452349789795
U20,0.6554527572130334,0.6568672845335858,0.6453198708517556,0.6528660341636503
